This is a .csv file. It contains a dataframe that consists of 4 columns (Up_dur, Down_dur, id and level).
Up_dur / Down_dur = Up / Down duration
id = subject identifier
level = condition (light or deep anesthesia and sleep)
Up_dur,Down_dur,id,level
0.5150999999999613,2.9732999999999947,0,deep
0.36210000000005493,1.0760999999999967,0,deep
0.3876000000000204,1.6268999999997504,0,deep
0.3314999999997781,0.8517000000001644,0,deep
0.7038000000002285,1.739100000000235,0,deep
0.6987000000003718,1.1831999999999425,0,deep
0.6783000000004904,0.4283999999997832,0,deep
0.5201999999999316,1.9481999999998152,0,deep
0.2754000000004453,1.7595000000001164,0,deep
0.3825000000001637,1.1118000000001302,1,deep
1.0097999999998137,2.5194000000001324,1,deep
0.3511872000000267,1.843732799999998,2,deep
0.3804528000000573,0.9657647999999881,2,deep
0.8682128000000375,0.2780232000000069,2,deep
0.6438431999999921,1.443769599999996,2,deep
0.7413951999999426,0.6535983999999644,2,deep
1.1169703999999,2.4583103999998457,2,deep
0.7316399999999703,1.0681943999998111,2,deep
0.5661000000000058,1.917599999999993,3,deep
0.35190000000000055,0.7497000000000753,3,deep
0.53550000000007,2.045099999999934,3,deep
1.310699999999997,0.2600999999999658,3,deep
0.7853999999999814,2.1216000000000577,3,deep
0.47939999999994143,2.407199999999989,3,deep
1.764599999999973,1.4738999999999578,3,deep
0.4029000000000451,1.8053999999999633,3,deep
1.0557000000000016,1.7747999999999138,3,deep
1.1730000000000018,1.0302000000000362,3,deep
0.7395000000000209,1.8156000000000176,3,deep
1.234199999999987,0.4895999999999958,3,deep
0.47430000000008476,2.432700000000068,3,deep
0.7139999999999418,0.7241999999999962,3,deep
0.6170999999999367,1.8869999999999436,3,deep
0.8109000000000606,1.1780999999999722,3,deep
0.5253000000000156,2.447999999999979,3,deep
0.5712000000000899,1.9329000000000178,3,deep
0.6272999999999911,1.6932000000000471,3,deep
0.4742999999999711,1.3617000000000417,3,deep
0.39780000000007476,1.917599999999993,3,deep
0.6425999999999021,1.5554999999999382,3,deep
0.8057999999999765,1.9329000000000178,3,deep
0.28560000000004493,1.8360000000000127,3,deep
0.5150999999999613,1.3361999999999625,3,deep
0.3876000000000204,1.0964999999999918,3,deep
0.668100000000095,2.177699999999959,3,deep
0.8669999999999618,1.7952000000000226,3,deep
0.831299999999942,2.0756999999999834,3,deep
0.2804999999999609,1.8156000000000176,3,deep
0.7548000000000457,1.1271000000000413,3,deep
1.1984999999999673,0.2397000000000844,3,deep
0.5049000000000206,0.36210000000005493,3,deep
1.0557000000000016,2.0297999999999092,3,deep
0.33150000000000546,1.5299999999999727,3,deep
0.31110000000001037,1.0353000000000065,3,deep
1.0964999999999918,2.0756999999999834,3,deep
0.35190000000000055,1.7952000000000226,3,deep
0.4794000000000551,1.7595000000000027,3,deep
0.9893999999999323,1.3157999999999674,3,deep
0.8618999999999915,0.300899999999956,3,deep
0.47939999999994143,2.1114000000000033,3,deep
0.6119999999999663,1.4483999999999924,3,deep
0.453899999999976,1.2036000000000513,3,deep
0.26520000000004984,1.2495000000000118,3,deep
0.6018000000000256,0.7343999999999369,3,deep
0.4742999999999711,1.7340000000000373,3,deep
1.045500000000061,1.310699999999997,3,deep
0.6884999999999764,2.8100999999999203,3,deep
0.9587999999999965,1.310699999999997,3,deep
0.22440000000005966,0.6374999999999318,3,deep
0.6987000000000307,2.2848000000000184,3,deep
0.698699999999917,1.7442000000000917,3,deep
0.5406000000000404,1.9482000000000426,3,deep
0.3365999999999758,1.382099999999923,3,deep
0.8057999999999765,1.9022999999999683,3,deep
0.2499000000000251,1.7595000000000027,3,deep
0.6476999999999862,0.42840000000001055,3,deep
0.25499999999999545,2.376600000000053,3,deep
1.2648000000000366,2.238900000000058,3,deep
0.7241999999999962,0.4028999999999314,3,deep
0.4029000000000451,1.667699999999968,3,deep
0.5202000000000453,1.3361999999999625,3,deep
0.7139999999999418,2.162399999999934,3,deep
0.5609999999999218,1.6983000000000175,3,deep
0.48450000000002547,1.8921000000000276,3,deep
0.8262000000000853,0.7241999999999962,3,deep
0.8822999999999865,1.897199999999998,3,deep
0.2907000000000153,1.820699999999988,3,deep
0.7394999999999072,1.6422000000000025,3,deep
0.6884999999999764,0.24480000000005475,3,deep
0.8822999999999865,0.5762999999999465,3,deep
0.5967000000000553,1.591199999999958,3,deep
0.7752000000000407,1.8564000000000078,3,deep
0.6579000000000406,1.7748000000000275,3,deep
0.7344000000000506,2.1420000000000528,3,deep
0.678299999999922,2.1521999999999935,3,deep
0.38250000000005,0.6987000000000307,3,deep
0.6527999999999565,1.3973999999999478,3,deep
0.9026999999999816,1.346400000000017,3,deep
0.5253000000000156,1.6370999999999185,3,deep
0.27539999999999054,0.7292999999999665,3,deep
0.2600999999999658,1.4993999999999232,3,deep
0.7191000000000258,1.7543999999999187,3,deep
0.2601000000000795,1.9839000000000624,3,deep
0.5865000000000009,1.9073999999999387,3,deep
0.831299999999942,0.989400000000046,3,deep
0.5915999999999713,2.2083000000000084,3,deep
0.5661000000000058,0.9180000000000064,3,deep
0.3926999999999907,2.1981000000000677,3,deep
0.23969999999997071,1.723799999999983,3,deep
0.6324000000000751,2.004299999999944,3,deep
0.3926999999999907,0.19889999999998054,3,deep
0.6936000000000604,1.4331000000000813,3,deep
0.836400000000026,0.8007000000000062,3,deep
0.8058000000000902,1.973700000000008,3,deep
0.5049000000000206,1.9226999999999634,3,deep
0.7445999999999913,1.443300000000022,3,deep
0.8109000000000606,1.4892000000000962,3,deep
0.6170999999999367,0.7191000000000258,3,deep
0.7038000000000011,1.535099999999943,3,deep
0.2039999999999509,1.2801000000000613,3,deep
0.6680999999999813,0.6680999999999813,3,deep
0.5406000000000404,1.994100000000003,3,deep
0.40800000000001546,1.290300000000002,3,deep
0.6323999999999614,0.3926999999999907,3,deep
0.36209999999994125,2.0348999999999933,3,deep
0.5865000000000009,0.6936000000000604,3,deep
0.7191000000000258,1.6014000000000124,3,deep
0.5406000000000404,1.346400000000017,3,deep
0.6425999999999021,1.443300000000022,3,deep
0.3365999999999758,2.080799999999954,3,deep
0.4742999999999711,1.1322000000000116,3,deep
0.4794000000000551,0.683400000000006,3,deep
0.5099999999999909,1.2392999999999574,3,deep
0.38249999999993634,0.6783000000000357,3,deep
0.5661000000000058,2.050200000000018,3,deep
0.5507999999999811,0.7241999999999962,3,deep
0.44880000000000564,0.32129999999995107,3,deep
0.6171000000000504,0.6731999999999516,3,deep
0.3161999999999807,2.5703999999999496,3,deep
0.3977999999999611,0.8517000000000507,3,deep
0.7700999999999567,0.7853999999999814,3,deep
0.5457000000000107,1.3157999999999674,3,deep
0.8618999999999915,1.2240000000000464,3,deep
0.5967000000000553,0.37229999999999563,3,deep
0.30599999999992633,2.784599999999955,3,deep
0.606899999999996,1.616700000000037,3,deep
0.21420000000000528,0.9486000000000558,3,deep
0.6987000000000307,1.6523999999999432,3,deep
0.37229999999999563,1.463700000000017,3,deep
1.4534999999999627,1.040399999999977,3,deep
0.26520000000004984,0.5406000000000404,3,deep
0.48450000000002547,2.376600000000053,3,deep
0.4794000000000551,1.3514999999999873,3,deep
0.6630000000000109,1.7288999999999533,3,deep
0.21420000000000528,0.39780000000007476,3,deep
0.4334999999999809,2.238900000000058,3,deep
0.5049000000000206,0.8822999999999865,3,deep
0.48450000000002547,0.7700999999999567,3,deep
0.8618999999999915,0.4742999999999711,3,deep
0.7292999999999665,2.091000000000008,3,deep
0.3977999999999611,1.764599999999973,3,deep
0.7649999999999864,0.8721000000000458,3,deep
0.606899999999996,1.387200000000007,3,deep
0.36210000000005493,0.907799999999952,3,deep
0.2600999999999658,0.698699999999917,3,deep
0.5354999999999563,2.7438000000000784,3,deep
0.5814000000000306,0.8211000000000013,3,deep
0.34169999999994616,0.606899999999996,3,deep
1.1118000000000166,1.2444000000000415,3,deep
0.4334999999999809,0.20909999999992124,3,deep
1.004699999999957,2.432700000000068,3,deep
0.2804999999999609,0.5967000000000553,3,deep
0.24480000000005475,1.881900000000087,3,deep
0.759900000000016,0.6426000000000158,3,deep
0.3161999999999807,1.5656999999999925,3,deep
0.48450000000002547,0.31110000000001037,3,deep
0.3926999999999907,0.9026999999999816,3,deep
0.759900000000016,1.647299999999973,3,deep
0.32129999999995107,1.1780999999999722,3,deep
0.2958000000000993,1.4483999999999924,3,deep
0.530399999999986,0.6732000000000653,3,deep
0.4436999999999216,0.6884999999999764,3,deep
0.5559000000000651,0.8313000000000557,3,deep
0.47939999999994143,1.2597000000000662,3,deep
0.22950000000003,2.080799999999954,3,deep
0.8976000000000113,0.300899999999956,3,deep
0.4640999999999167,0.9128999999999223,3,deep
0.754799999999932,2.0604000000000724,3,deep
0.4334999999999809,1.4841000000000122,3,deep
0.5201999999999316,0.5507999999999811,3,deep
0.4692000000000007,2.177699999999959,3,deep
0.26520000000004984,2.8661999999999352,3,deep
0.37229999999999563,1.463700000000017,3,deep
0.7752000000000407,0.7191000000000258,3,deep
0.4437000000000353,0.6527999999999565,3,deep
0.45899999999994634,1.2545999999999822,3,deep
0.31110000000001037,1.4076000000000022,3,deep
0.7139999999999418,0.3161999999999807,3,deep
0.32129999999995107,0.7038000000000011,3,deep
0.6680999999999813,0.7905000000000655,3,deep
0.38250000000005,1.387200000000007,3,deep
0.6732000000000653,1.1628000000000611,3,deep
0.453899999999976,1.1780999999999722,3,deep
0.5609999999999218,0.601799999999912,3,deep
0.3468000000000302,1.688099999999963,3,deep
0.5865000000000009,0.8414999999999964,3,deep
0.9333000000000311,1.7391000000000076,3,deep
0.6476999999999862,0.7394999999999072,3,deep
0.25499999999999545,0.7548000000001593,3,deep
0.5610000000000355,0.3468000000000302,3,deep
0.20910000000003492,1.422900000000027,3,deep
0.6680999999999813,2.2031999999999243,3,deep
0.3468000000000302,0.7140000000001692,3,deep
0.7956000000000358,1.6065000000000964,3,deep
0.24989999999991142,0.2141999999998916,3,deep
0.6272999999999911,0.6272999999998774,3,deep
0.6170999999999367,1.5452999999999975,3,deep
0.7700999999999567,2.371499999999969,3,deep
0.3366000000000895,1.4840999999998985,3,deep
0.9435000000000855,0.8210999999998876,3,deep
0.2907000000000153,2.0858999999998105,3,deep
0.759900000000016,1.3361999999999625,3,deep
0.4130999999999858,0.7292999999999665,3,deep
0.31110000000001037,1.6217999999998938,3,deep
0.33150000000000546,0.61200000000008,3,deep
0.4079999999999018,0.7905000000000655,3,deep
0.5253000000000156,1.1067000000000462,3,deep
0.4437000000000353,1.4483999999999924,3,deep
0.5303999999998723,2.0858999999998105,3,deep
0.40289999999981774,0.8108999999999469,3,deep
0.6936000000000604,1.4381999999998243,3,deep
0.4233000000001539,1.4382000000000517,3,deep
0.44879999999989195,0.6375000000000455,3,deep
0.4794000000001688,1.8716999999999189,3,deep
0.7191000000000258,1.4739000000001852,3,deep
0.2703000000001339,2.2950000000000728,3,deep
0.8466000000000804,1.881900000000087,3,deep
0.8313000000000557,0.4130999999999858,3,deep
0.24480000000016844,1.422900000000027,3,deep
0.34169999999994616,0.4029000000000451,3,deep
0.47430000000008476,1.361699999999928,3,deep
0.7038000000000011,0.8414999999999964,3,deep
0.45900000000006,1.122000000000071,3,deep
0.33150000000000546,2.2235999999998057,3,deep
0.2243999999998323,1.6778999999999087,3,deep
0.6579000000001543,0.6171000000001641,3,deep
0.4386000000001786,2.213399999999865,3,deep
0.9537000000000262,1.0047000000001844,3,deep
0.5406000000000404,1.4841000000001259,3,deep
0.2702999999999065,2.5295999999998457,3,deep
0.36720000000013897,0.7344000000000506,3,deep
0.6680999999998676,0.35189999999988686,3,deep
0.6221999999997934,1.5452999999999975,3,deep
0.43859999999995125,1.6370999999999185,3,deep
0.7853999999999814,2.330699999999979,3,deep
0.2907000000000153,0.6476999999999862,3,deep
0.2600999999999658,0.6222000000000207,3,deep
0.5406000000000404,0.24479999999994106,3,deep
0.23969999999985703,1.6881000000000768,3,deep
0.6222000000000207,1.973700000000008,3,deep
0.6885000000002037,0.8976000000000113,3,deep
0.41820000000006985,0.9230999999999767,3,deep
1.116899999999987,1.6983000000000175,3,deep
0.3569999999999709,2.631599999999935,3,deep
0.3161999999999807,2.6927999999998065,3,deep
0.5150999999998476,1.3361999999999625,3,deep
0.8261999999999716,1.7339999999999236,3,deep
0.6834000000001197,1.4891999999999825,3,deep
1.213799999999992,0.9026999999998679,3,deep
0.37740000000007967,0.48450000000002547,3,deep
0.24479999999994106,2.4887999999998556,3,deep
0.668100000000095,1.825800000000072,3,deep
0.44879999999989195,1.8614999999999782,3,deep
0.24480000000016844,2.2490999999999985,3,deep
0.7394999999999072,1.2800999999999476,3,deep
0.2805000000000746,1.5096000000000913,3,deep
0.7139999999999418,0.4335000000000946,3,deep
0.4029000000000451,1.9838999999999487,3,deep
0.7955999999999221,0.300899999999956,3,deep
0.5661000000000058,0.300899999999956,3,deep
0.8058000000000902,1.7952000000000226,3,deep
0.7803000000001248,2.0960999999999785,3,deep
0.8109000000001743,1.0709999999999127,3,deep
0.34169999999994616,1.2648000000001502,3,deep
1.269900000000007,1.3361999999999625,3,deep
0.2805000000000746,1.463700000000017,3,deep
0.26520000000004984,2.84069999999997,3,deep
0.5304000000000997,1.060799999999972,3,deep
0.3366000000000895,0.7905000000000655,3,deep
0.4742999999998574,2.539800000000014,3,deep
0.5507999999999811,0.8771999999999025,3,deep
0.5048999999999069,1.213799999999992,3,deep
0.453899999999976,0.7496999999998479,3,deep
0.8007000000000062,3.7790999999999713,3,deep
0.8516999999999371,2.3408999999999196,3,deep
0.4079999999999018,1.361699999999928,3,deep
0.39780000000018845,1.983900000000176,3,deep
0.3263999999999214,0.7905000000000655,3,deep
0.9384000000000015,0.8007000000000062,3,deep
0.49469999999996617,1.18320000000017,3,deep
0.7497000000000753,1.5350999999998294,3,deep
0.27539999999999054,2.5652999999999793,3,deep
0.6170999999999367,0.7955999999999221,3,deep
0.4079999999999018,1.8972000000001117,3,deep
0.5049000000001342,1.606499999999869,3,deep
0.9485999999999422,0.7088999999998578,3,deep
0.6222000000000207,1.3871999999998934,3,deep
0.4998000000000502,0.693599999999833,3,deep
0.5558999999998377,1.514699999999948,3,deep
0.4896000000001095,0.7241999999998825,3,deep
0.821100000000115,1.7951999999997952,3,deep
0.3161999999999807,1.3872000000001208,3,deep
0.7191000000000258,1.3667999999997846,3,deep
0.6987000000001444,2.72849999999994,3,deep
1.1831999999999425,1.820699999999988,3,deep
0.48450000000002547,0.7395000000001346,3,deep
0.4436999999998079,0.5763000000001739,3,deep
0.47430000000008476,1.1730000000000018,3,deep
0.40289999999981774,1.4432999999999083,3,deep
0.5814000000000306,2.8049999999998363,3,deep
0.6273000000001048,1.9991999999999734,3,deep
0.5507999999999811,1.7391000000000076,3,deep
0.43859999999995125,0.8160000000000309,3,deep
0.5661000000000058,0.999599999999873,3,deep
0.4386000000001786,0.7650000000001,3,deep
0.5049000000001342,0.6884999999999764,3,deep
0.2805000000000746,1.4432999999999083,3,deep
0.5355000000001837,1.5299999999999727,3,deep
0.27539999999999054,0.6630000000000109,3,deep
0.5610000000001492,0.5253000000000156,3,deep
0.48450000000002547,1.7136000000000422,3,deep
0.6375000000000455,2.0501999999999043,3,deep
0.6018000000001393,1.4891999999999825,3,deep
0.6170999999999367,1.0251000000000658,3,deep
0.49469999999996617,2.3460000000000036,3,deep
0.7649999999998727,1.6014000000000124,3,deep
0.28559999999993124,2.31029999999987,3,deep
0.27539999999999054,0.606899999999996,3,deep
0.7752000000000407,1.8614999999999782,3,deep
0.300899999999956,2.320499999999811,3,deep
1.0404000000000906,1.5962999999999283,3,deep
1.213799999999992,1.5860999999999876,3,deep
0.30600000000004,1.8869999999999436,3,deep
0.300899999999956,1.3056000000001404,3,deep
0.36210000000005493,1.9074000000000524,3,deep
0.49469999999996617,0.25499999999988177,3,deep
0.5967000000000553,2.024699999999939,3,deep
0.6170999999999367,2.774400000000014,3,deep
0.45390000000020336,1.6319999999998345,3,deep
0.24479999999994106,1.514699999999948,3,deep
0.5099999999999909,1.6575000000000273,3,deep
0.3263999999999214,1.6677000000001954,3,deep
1.1322000000000116,0.48959999999988213,3,deep
0.5253000000000156,1.275000000000091,3,deep
0.5201999999999316,2.8457999999998265,3,deep
0.6323999999999614,2.1165000000000873,3,deep
0.6834000000001197,1.9022999999999683,3,deep
0.8874000000000706,1.428000000000111,3,deep
0.29579999999987194,1.5197999999998046,3,deep
0.5610000000001492,2.177699999999959,3,deep
0.520200000000159,0.7139999999999418,3,deep
0.9690000000000509,1.4738999999999578,3,deep
0.453899999999976,1.973700000000008,3,deep
1.514699999999948,1.7697000000000571,3,deep
0.5558999999998377,1.5504000000000815,3,deep
0.31110000000012406,1.4841000000001259,3,deep
0.61200000000008,0.5865000000001146,3,deep
0.9690000000000509,2.162399999999934,3,deep
1.116899999999987,0.9434999999998581,3,deep
0.5253000000000156,1.0914000000000215,3,deep
0.821100000000115,1.2291000000000167,3,deep
0.3161999999999807,1.6473000000000866,3,deep
0.9026999999998679,2.330699999999979,3,deep
0.3671999999999116,0.6884999999999764,3,deep
0.7650000000001,0.5865000000001146,3,deep
0.5354999999999563,1.8869999999999436,3,deep
0.4437000000000353,1.8717000000001462,3,deep
1.0148999999998978,1.876800000000003,3,deep
0.4998000000000502,2.126700000000028,3,deep
0.6630000000000109,1.4942999999998392,3,deep
0.5355000000001837,0.8568000000000211,3,deep
0.91800000000012,1.8869999999999436,3,deep
0.36210000000005493,1.0199999999999818,3,deep
0.5253000000000156,1.1984999999999673,3,deep
0.3671999999999116,2.417399999999816,3,deep
0.6936000000000604,1.8156000000001313,3,deep
0.698699999999917,1.790100000000166,3,deep
0.48959999999988213,1.1118000000001302,3,deep
0.6374999999998181,0.2702999999999065,3,deep
0.6936000000000604,1.662599999999884,3,deep
0.30600000000004,0.6528000000000702,3,deep
0.5406000000000404,1.662599999999884,3,deep
0.4334999999998672,1.764599999999973,3,deep
0.47430000000008476,0.8414999999999964,3,deep
0.6374999999998181,2.4479999999998654,3,deep
0.45390000000020336,0.43859999999995125,3,deep
0.8159999999998035,1.4076000000000022,3,deep
0.35189999999988686,0.6731999999999516,3,deep
0.5099999999999909,1.4382000000000517,3,deep
0.9434999999998581,0.7088999999998578,3,deep
0.3366000000000895,1.5758999999998196,3,deep
0.6476999999999862,0.7700999999999567,3,deep
1.2953999999999724,1.8614999999999782,3,deep
0.20400000000017826,0.5661000000000058,3,deep
0.5915999999999713,1.3260000000000218,3,deep
1.0506000000000313,1.4177999999999429,3,deep
0.4998000000000502,0.5711999999998625,3,deep
0.4692000000000007,2.366399999999885,3,deep
0.5558999999998377,1.7697000000000571,3,deep
0.7241999999998825,0.2907000000000153,3,deep
0.6323999999999614,1.0914000000000215,3,deep
0.5507999999999811,0.21929999999997563,3,deep
0.3671999999999116,1.0812000000000808,3,deep
0.5406000000000404,0.8057999999998628,3,deep
0.2601000000001932,2.2644000000000233,3,deep
0.4181999999998425,1.2647999999999229,3,deep
0.8364000000001397,1.8716999999999189,3,deep
0.4029000000000451,0.23460000000000036,3,deep
0.7853999999999814,1.6268999999999778,3,deep
0.3366000000000895,1.764599999999973,3,deep
0.5354999999999563,2.5194000000001324,3,deep
0.8874000000000706,0.8874000000000706,3,deep
0.2703000000001339,1.7900999999999385,3,deep
0.3264000000001488,0.5099999999999909,3,deep
0.8516999999999371,1.2852000000000317,3,deep
0.4692000000000007,2.626499999999851,3,deep
0.26520000000004984,2.085900000000038,3,deep
0.9537000000000262,0.9026999999998679,3,deep
0.4029000000000451,1.4688000000001011,3,deep
0.27539999999999054,1.2239999999999327,3,deep
0.30600000000004,1.8971999999998843,3,deep
0.48959999999988213,1.1831999999999425,3,deep
0.5610000000001492,1.5962999999999283,3,deep
0.6425999999999021,0.9384000000000015,3,deep
0.34169999999994616,3.4169999999999163,3,deep
0.5712000000000899,1.4076000000000022,3,deep
0.9690000000000509,0.6834000000001197,3,deep
1.2647999999999229,2.4633000000001175,3,deep
0.21420000000011896,0.8976000000000113,3,deep
0.3161999999999807,1.3566000000000713,3,deep
0.4233000000001539,0.7242000000001099,3,deep
0.5253000000000156,0.3773999999998523,3,deep
0.7649999999998727,1.9022999999999683,3,deep
0.2906999999997879,1.5911999999998443,3,deep
0.5049000000001342,2.3969999999999345,3,deep
0.6527999999998428,1.759499999999889,3,deep
0.6731999999999516,0.5814000000000306,3,deep
0.6273000000001048,0.8007000000000062,3,deep
0.759900000000016,2.473499999999831,3,deep
1.2953999999999724,0.2600999999999658,3,deep
0.46410000000014406,2.1521999999999935,3,deep
0.6578999999999269,2.3918999999998505,3,deep
0.3468000000000302,0.30090000000018335,3,deep
0.6936000000000604,0.2958000000000993,3,deep
0.31110000000012406,2.0297999999997955,3,deep
0.7344000000000506,0.6884999999999764,3,deep
0.30600000000004,1.3464000000001306,3,deep
0.7853999999999814,0.9485999999999422,3,deep
0.6936000000000604,1.9583999999999833,3,deep
0.606899999999996,0.5915999999999713,3,deep
0.23460000000000036,1.514699999999948,3,deep
0.7649999999998727,1.7952000000000226,3,deep
0.3365999999998621,2.009399999999914,3,deep
0.61200000000008,0.42840000000001055,3,deep
0.39269999999987704,1.912499999999909,3,deep
0.7445999999999913,0.974100000000135,3,deep
0.2600999999999658,0.47430000000008476,3,deep
0.6018000000001393,2.5499999999999545,3,deep
0.4488000000001193,1.881900000000087,3,deep
0.668100000000095,1.3922999999999774,3,deep
0.7905000000000655,1.9941000000001168,3,deep
0.19889999999986685,0.91800000000012,3,deep
0.5610000000001492,0.3773999999998523,3,deep
0.3264000000001488,2.1470999999999094,3,deep
0.7445999999999913,0.3263999999999214,3,deep
1.0199999999999818,0.9078000000001794,3,deep
0.5507999999999811,0.8363999999999123,3,deep
0.25499999999988177,2.3052000000000135,3,deep
0.30600000000004,1.9379999999998745,3,deep
0.8619000000001051,0.8414999999999964,3,deep
0.3110999999998967,1.7084999999999582,3,deep
0.3468000000000302,0.9791999999999916,3,deep
0.5609999999999218,2.3561999999999443,3,deep
0.2958000000000993,1.5911999999998443,3,deep
0.3366000000000895,1.1423999999999523,3,deep
0.8822999999999865,0.8670000000001892,3,deep
0.3671999999999116,0.2804999999998472,3,deep
0.7650000000001,2.0043000000000575,3,deep
0.2805000000000746,0.9230999999999767,3,deep
0.48959999999988213,0.3110999999998967,3,deep
0.7649999999998727,0.6273000000001048,3,deep
0.5406000000000404,2.1062999999999192,3,deep
0.4079999999999018,1.723799999999983,3,deep
0.4029000000000451,1.6983000000000175,3,deep
0.5915999999999713,1.2444000000000415,3,deep
0.35189999999988686,1.8053999999999633,3,deep
0.2499000000000251,0.8466000000000804,3,deep
0.5967000000000553,0.8261999999999716,3,deep
0.6987000000001444,0.5457000000001244,3,deep
0.4079999999999018,1.5452999999999975,3,deep
0.27539999999999054,0.7803000000001248,3,deep
1.6575000000000273,2.024699999999939,3,deep
0.4692000000000007,1.8156000000001313,3,deep
0.33150000000000546,0.8364000000001397,3,deep
1.8717000000001462,1.6932000000001608,3,deep
0.23969999999985703,0.7853999999999814,3,deep
0.7752000000000407,2.2439999999999145,3,deep
0.3264000000001488,0.42840000000001055,3,deep
0.4896000000001095,1.6472999999998592,3,deep
0.4640999999999167,1.4993999999999232,3,deep
0.8414999999999964,0.8822999999999865,3,deep
0.2600999999999658,1.4993999999999232,3,deep
0.4335000000000946,2.682600000000093,3,deep
0.23460000000000036,0.30600000000004,3,deep
0.30600000000004,0.6119999999998527,3,deep
0.8618999999998778,3.0599999999999454,3,deep
1.0608000000001994,1.662599999999884,3,deep
0.5150999999998476,0.8721000000000458,3,deep
0.6022080000000187,0.41126400000001695,4,light
0.37209600000005594,0.5973120000001018,4,light
0.22031999999990148,0.38188799999988987,4,light
0.38188800000011724,0.2888639999998759,4,light
0.3182400000000598,0.1615679999999884,4,light
0.18604800000002797,0.09791999999993095,4,light
0.22031999999990148,0.3867840000000342,4,light
0.27907200000004195,0.2839679999999589,4,light
0.16646399999990535,0.4896000000003369,4,light
0.6266879999998309,0.21542399999998452,4,light
0.7441920000001119,0.38188799999988987,4,light
0.41126400000001695,0.2986560000000509,5,light
0.2888639999999896,0.32803200000000743,5,light
0.32803200000000743,0.10771199999999226,5,light
0.616895999999997,0.2496960000000854,5,light
0.33782400000006874,0.2056320000000369,5,light
0.5091840000000047,0.1958399999999756,5,light
0.19094399999994494,0.3916799999999512,5,light
0.22031999999990148,0.2594880000001467,5,light
0.1272959999998875,0.3525119999999333,5,light
0.2741759999998976,0.37209600000005594,5,light
0.12239999999997053,0.27907200000004195,6,light
0.18604800000002797,0.5042879999999741,6,light
0.30355200000008153,0.342719999999872,6,light
0.3084479999999985,0.6658560000000762,6,light
0.42595200000005207,0.3769919999999729,6,light
0.15667200000007142,0.7833600000001297,6,light
0.5434560000001056,0.4210559999999077,6,light
0.25459200000022975,0.9204479999998512,6,light
0.34761600000001636,0.2594880000001467,6,light
0.1224000000001979,0.2986559999999372,6,light
0.5581440000000839,0.41616000000021813,6,light
0.45043200000009165,0.3867840000002616,6,light
0.1664640000003601,0.6364800000001196,6,light
0.25948800000060146,0.2643840000000637,6,light
0.43084799999996903,0.5826239999996687,6,light
0.6071039999997083,0.49939199999971606,6,light
0.3916799999997238,0.28396799999973155,6,light
0.5042880000000878,0.5042880000000878,6,light
0.7099200000002384,0.2741760000008071,6,light
0.7099200000002384,0.3623039999993125,6,light
0.10281600000053004,0.14198399999986577,6,light
0.41126399999939167,0.23011199999928067,6,light
0.621791999999914,0.37209600000005594,6,light
0.6462719999999536,0.41126400000030117,6,light
0.3084480000006806,0.3965760000000955,6,light
0.23011200000019016,0.18604799999957322,6,light
0.181152000000111,0.31334399999923335,6,light
0.34761600000001636,0.46022399999947083,6,light
0.49449600000025384,0.3084479999997711,6,light
0.5581439999996292,0.5189760000002934,6,light
0.14198400000077527,0.3084480000006806,6,light
0.49939200000062556,0.16156800000044313,6,light
0.2790720000002693,0.49449600000025384,6,light
0.5042880000000878,0.15667199999916193,6,light
0.6658559999996214,0.43084799999996903,6,light
0.2937599999995655,0.16156799999953364,6,light
0.28886399999919377,0.11260799999945448,6,light
0.23500800000056188,0.3329279999998107,6,light
0.3672000000005937,0.1224000000001979,6,light
0.4455360000001747,0.10281599999962054,6,light
0.2790720000002693,0.27907199999935983,6,light
0.35251200000038807,0.3035519999993994,6,light
0.21542399999998452,0.7295039999999062,6,light
0.19584000000031665,0.40636799999992945,6,light
0.19584000000031665,0.1517759999996997,6,light
0.08323200000086217,0.6952320000000327,6,light
0.43084799999996903,0.3671999999996842,6,light
0.49939200000062556,0.3035520000003089,6,light
0.8470079999997324,0.31334400000014284,6,light
0.362304000000222,0.6511679999994158,6,light
0.8274240000000646,0.7441920000001119,6,light
0.5189760000002934,0.4455360000001747,6,light
0.22031999999944674,0.4504319999996369,6,light
0.41126400000030117,0.41126400000030117,6,light
0.46512000000075204,0.4210560000001351,6,light
0.28886399999919377,0.3084480000006806,6,light
0.28396800000064104,0.3574080000007598,6,light
0.5042880000000878,0.40147200000046723,6,light
0.5238719999997556,0.33782399999927293,6,light
0.6756479999994554,0.16646400000081485,6,light
0.37209599999914644,0.1517760000006092,6,light
0.6022079999993366,0.3280320000003485,6,light
0.25459200000022975,0.5385599999999613,6,light
0.19094399999994494,0.28886400000010326,6,light
0.146879999999328,0.1468800000002375,6,light
0.23011199999928067,0.40147200000046723,6,light
0.7833600000003571,0.3035520000003089,6,light
0.8372159999998985,0.7441920000001119,6,light
0.2692799999995259,0.4504320000005464,6,light
0.5140799999999217,0.1224000000001979,6,light
0.3035519999993994,0.4504320000005464,6,light
0.46511999999984255,0.5042880000000878,6,light
0.3574079999998503,1.0085760000001756,6,light
0.23011199999928067,0.4504320000005464,6,light
0.44063999999980297,0.3035520000003089,6,light
0.5875200000000405,0.34761600000001636,6,light
0.6756479999994554,0.181152000000111,6,light
0.4259519999995973,0.4259519999995973,6,light
0.8225279999996928,0.2986559999999372,6,light
0.621791999999914,0.22031999999944674,6,light
0.2105279999996128,0.14198399999986577,6,light
0.3378240000001824,0.3084479999997711,6,light
0.46022400000038033,0.40147199999955774,6,light
0.40147200000046723,0.3965760000000955,6,light
0.2790720000002693,0.3867840000002616,6,light
0.2741759999998976,0.3231359999999768,6,light
0.28396800000064104,0.4455360000001747,6,light
0.48959999999988213,0.34271999999964464,6,light
0.37699200000042765,0.2937599999995655,6,light
0.09791999999924883,0.31334400000014284,6,light
0.2643840000000637,0.4896000000007916,6,light
0.6413760000004913,0.37699200000042765,6,light
0.8519040000001041,0.15667200000007142,6,light
0.3035520000003089,0.5336640000004991,6,light
0.6756479999994554,0.2986559999999372,6,light
0.2056319999992411,0.2056319999992411,6,light
0.22032000000035623,0.7833599999994476,6,light
0.46022399999947083,0.23500799999965238,6,light
0.6022079999993366,0.5434559999994235,6,light
0.3329280000007202,0.23011200000019016,6,light
0.7539840000008553,0.5189760000002934,6,light
0.20563200000015058,0.28396799999973155,6,light
0.44064000000071246,0.3378240000001824,6,light
0.35251200000038807,0.4161599999997634,6,light
0.6658559999996214,0.1468800000002375,6,light
0.690335999999661,0.9008640000001833,6,light
0.5924160000004122,0.61200000000008,6,light
0.5532480000001669,0.5581439999996292,6,light
0.9155519999994794,0.34271999999964464,6,light
0.19094399999994494,0.10281600000053004,6,light
0.2790720000002693,0.5630400000000009,6,light
0.38188799999988987,0.3916800000006333,6,light
0.3280320000003485,0.4161599999997634,6,light
0.25948799999969197,0.16156799999953364,6,light
0.25948799999969197,0.2056319999992411,6,light
0.621791999999914,0.5826239999996687,6,light
0.37209600000005594,0.5189759999993839,6,light
0.362304000000222,0.40636799999992945,6,light
0.12729600000056962,0.7392959999997402,6,light
0.2692800000004354,0.21542399999998452,6,light
0.7148160000006101,0.4455360000001747,6,light
0.4161600000006729,0.7343999999993684,6,light
0.2399040000000241,0.4210560000001351,6,light
0.2986559999999372,0.2105279999996128,6,light
0.4553280000000086,0.19584000000031665,6,light
0.20563200000015058,0.3084479999997711,6,light
0.5042880000000878,0.6217920000008235,6,light
0.2790720000002693,0.43084799999996903,6,light
0.19094399999994494,0.2105279999996128,6,light
0.43084799999996903,0.19584000000031665,6,light
0.5483519999997952,0.46022400000038033,6,light
0.7392959999997402,0.11260800000036397,6,light
0.2643840000000637,0.16156800000044313,6,light
0.3084479999997711,0.40147200000046723,6,light
0.25948799999969197,0.37209600000005594,6,light
0.7735679999996137,0.2692799999995259,6,light
0.16646399999990535,0.3965760000000955,6,light
0.27907199999935983,0.5042880000000878,6,light
0.50918399999955,0.4455359999992652,6,light
0.25948800000060146,0.5434559999994235,6,light
0.4553280000000086,0.19094399999994494,6,light
0.21542399999998452,0.38188799999988987,6,light
0.6168960000004517,0.17625600000064878,6,light
0.18604800000048272,0.28886399999919377,6,light
0.19094400000085443,0.40636799999992945,6,light
0.7295039999999062,0.09792000000015832,6,light
0.328031999999439,0.4210560000001351,6,light
0.31334400000014284,0.2399040000000241,6,light
0.34272000000055414,0.7490879999995741,6,light
0.18604799999957322,0.3231359999999768,6,light
0.43084799999996903,0.1517759999996997,6,light
0.24969599999985803,0.6707519999999931,6,light
0.474912000000586,0.2986559999999372,6,light
0.21542399999998452,0.5189759999993839,6,light
0.2790720000002693,0.34272000000055414,6,light
0.37699200000042765,0.181152000000111,6,light
0.24969599999985803,0.43084799999996903,6,light
0.5189760000002934,0.7001279999994949,6,light
0.5532480000001669,0.13219200000003184,6,light
0.19583999999940715,0.3671999999996842,6,light
0.3084479999997711,0.3867840000002616,6,light
0.7735680000005232,0.4259519999995973,6,light
0.3084480000006806,0.2643840000000637,6,light
0.46511999999984255,0.181152000000111,6,light
0.6022080000002461,0.6658559999996214,6,light
0.5336639999995896,0.3965760000000955,6,light
0.5630400000000009,0.3525119999994786,6,light
0.3867840000002616,0.3378240000001824,6,light
0.35251200000038807,0.3231359999999768,6,light
0.6560639999997875,0.38188800000079937,6,light
0.40147200000046723,0.3965760000000955,6,light
0.46511999999984255,0.40636799999992945,6,light
0.23500800000056188,0.31334399999923335,6,light
0.396575999999186,0.2986559999999372,6,light
0.5238719999997556,0.22521599999981845,6,light
0.4161599999997634,0.4847039999995104,6,light
0.37699200000042765,0.5385600000008708,6,light
0.656064000000697,0.41126399999939167,6,light
0.21542399999998452,0.4210560000001351,6,light
0.3378240000001824,0.1762559999997393,6,light
0.48959999999988213,0.3084479999997711,6,light
0.5483519999997952,0.43084799999996903,6,light
0.7833600000003571,0.28886400000010326,6,light
0.22032000000035623,0.2056319999992411,6,light
0.37209600000005594,0.293760000000475,6,light
0.28396799999973155,0.2643840000000637,6,light
0.14198399999986577,0.38188799999988987,6,light
0.6805440000007366,0.21542399999998452,6,light
0.6511680000003253,0.5140799999999217,6,light
0.23011199999928067,0.5630400000000009,6,light
0.17136000000027707,0.49939199999971606,6,light
0.4455360000001747,0.08323199999995268,6,light
0.10281599999962054,0.34761600000001636,6,light
0.3574080000007598,0.4896000000007916,6,light
0.4504319999996369,0.28396799999973155,6,light
0.37699200000042765,0.24969599999985803,6,light
0.20073599999977887,0.16156799999953364,6,light
0.3671999999996842,0.44063999999980297,6,light
0.40636799999992945,0.28396799999973155,6,light
0.2790720000002693,0.10771199999999226,6,light
0.38188799999988987,0.38188799999988987,6,light
0.18604800000048272,0.49449600000025384,6,light
0.25948800000060146,0.46511999999984255,6,light
0.8372159999998985,0.4749119999996765,6,light
0.25459200000022975,0.2986559999999372,6,light
0.2692799999995259,0.3965760000000955,6,light
0.19094399999994494,0.7735679999996137,6,light
0.46022400000038033,0.15667200000007142,6,light
0.43574400000034075,0.2448000000003958,6,light
0.41126400000030117,0.14198399999986577,6,light
0.5728319999998348,0.3378240000001824,6,light
0.15667200000007142,0.4210560000001351,6,light
0.20073599999977887,0.5483519999997952,6,light
0.12729599999966013,0.31334400000014284,6,light
0.3867840000002616,0.3867839999993521,6,light
0.5385599999999613,0.12729599999966013,6,light
0.3084479999997711,0.31824000000051456,6,light
0.293760000000475,0.10281600000053004,6,light
0.5728319999998348,0.23500799999965238,6,light
0.2105280000005223,0.43574399999943125,6,light
0.31334400000014284,0.4210560000001351,6,light
0.396575999999186,0.40636799999992945,6,light
0.181152000000111,0.3574079999998503,6,light
0.293760000000475,0.09302399999978661,6,light
0.47001600000021426,0.4798080000000482,6,light
0.48959999999988213,0.61200000000008,6,light
0.5336640000004991,0.5826239999996687,6,light
0.23500799999965238,0.5238719999997556,6,light
0.5336640000004991,0.47001600000021426,6,light
0.4749119999996765,0.4504319999996369,6,light
0.37209600000005594,0.46511999999984255,6,light
0.61200000000008,0.3084480000006806,6,light
0.362304000000222,0.4455359999992652,6,light
0.21542399999998452,0.3867839999993521,6,light
0.40147200000046723,0.181152000000111,6,light
0.5973119999998744,0.28886400000010326,6,light
0.48959999999988213,0.3965760000000955,6,light
0.3574080000007598,0.2790720000002693,6,light
0.3965760000000955,0.4259519999995973,6,light
0.6756480000003648,0.25459200000022975,6,light
0.7001279999994949,0.6413759999995818,6,light
0.20073599999977887,0.3867840000002616,6,light
0.2643840000000637,0.11260799999945448,6,light
0.6022080000002461,0.8763840000001437,6,light
0.362304000000222,0.23500799999965238,6,light
0.6854400000001988,0.4210560000001351,6,light
0.20073599999977887,0.37209600000005594,6,light
0.5287680000001274,0.11750399999982619,6,light
0.5091840000004595,0.3525119999994786,6,light
1.052639999999883,0.3084479999997711,6,light
0.5924160000004122,0.7344000000002779,6,light
0.3084479999997711,0.41126400000030117,6,light
0.3280320000003485,1.0085760000001756,6,light
0.21542399999998452,0.34761600000001636,6,light
0.17625600000064878,0.2790720000002693,6,light
0.4504319999996369,0.3867840000002616,6,light
0.43084799999996903,0.3916799999997238,6,light
0.4847039999995104,0.37209600000005594,6,light
0.3280320000003485,0.3084479999997711,6,light
0.27907199999935983,0.3671999999996842,6,light
0.43574400000034075,0.3574079999998503,6,light
0.6805439999998271,0.31334400000014284,6,light
0.09302399999978661,0.328031999999439,6,light
0.5091840000004595,0.17135999999936757,6,light
0.23011200000019016,0.3867840000002616,6,light
0.4210560000001351,0.37209600000005594,6,light
0.6266880000002857,0.5826240000005782,6,light
0.2741759999998976,0.38188799999988987,6,light
0.3574080000007598,0.23011200000019016,6,light
0.19584000000031665,0.40636799999992945,6,light
0.48959999999988213,0.6413760000004913,6,light
0.50918399999955,0.6658560000005309,6,light
0.40147199999955774,0.31334400000014284,6,light
0.48959999999988213,0.5287680000001274,6,light
0.35251200000038807,0.3916799999997238,6,light
0.28396799999973155,0.34761600000001636,6,light
0.28886399999919377,0.08323199999995268,6,light
0.4553280000000086,0.22032000000035623,6,light
0.24479999999948632,0.6560639999997875,6,light
0.28886400000010326,0.6022080000002461,6,light
0.3378240000001824,0.21542399999998452,6,light
0.25948799999969197,0.2986559999999372,6,light
0.41126400000030117,0.31823999999960506,6,light
0.24969599999985803,0.3084480000006806,6,light
0.49449600000025384,0.3329280000007202,6,light
0.31823999999960506,0.19094399999994494,6,light
0.16156800000044313,0.34272000000055414,6,light
0.37209600000005594,0.3671999999996842,6,light
0.20073599999977887,0.5483519999997952,6,light
0.577727999999297,0.40147199999955774,6,light
0.18604799999957322,0.16156799999953364,6,light
0.34271999999964464,0.40636799999992945,6,light
0.61200000000008,0.09302399999978661,6,light
0.6462719999999536,0.4553280000000086,6,light
0.7148160000006101,0.3035520000003089,6,light
0.1517760000006092,0.14198399999986577,6,light
0.34761600000001636,0.4161599999997634,6,light
0.2448000000003958,0.37699199999951816,6,light
0.09302399999978661,0.19094399999994494,6,light
0.7882559999998193,0.3084479999997711,6,light
0.08812800000032439,0.09302399999978661,6,light
0.34761600000001636,0.8959679999998116,6,light
0.3378240000001824,0.3329279999998107,6,light
0.23500800000056188,0.25459200000022975,6,light
0.34761600000001636,0.3574080000007598,6,light
0.43574400000034075,0.2937599999995655,6,light
0.2986559999999372,0.3231359999999768,6,light
0.31334400000014284,0.690335999999661,6,light
0.293760000000475,0.5728319999998348,6,light
0.28886399999919377,0.43574400000034075,6,light
0.2741759999998976,0.4504319999996369,6,light
0.5091840000004595,0.13219200000003184,6,light
0.3231359999999768,0.3084480000006806,6,light
0.48959999999988213,0.9547199999997247,6,light
0.20563200000015058,0.22521600000072795,6,light
0.38188799999988987,0.25948799999969197,6,light
0.46512000000075204,0.27907199999935983,6,light
0.12239999999928841,0.18604800000048272,6,light
0.3084479999997711,0.46022399999947083,6,light
0.24969599999985803,0.24479999999948632,6,light
0.40147199999955774,0.3035520000003089,6,light
0.17625600000064878,0.3965760000000955,6,light
0.3965760000000955,0.3574080000007598,6,light
0.3965760000000955,0.47001600000021426,6,light
0.23500800000056188,0.7392959999997402,6,light
0.46511999999984255,0.7637760000006892,6,light
0.4210560000001351,0.46022400000038033,6,light
0.19583999999940715,0.49449600000025384,6,light
0.4259519999995973,0.293760000000475,6,light
0.43084799999996903,0.40636799999992945,6,light
0.23500799999965238,0.38188799999988987,6,light
0.6756479999994554,0.3231359999999768,6,light
0.49939199999971606,0.44063999999980297,6,light
0.5728319999998348,0.37209599999914644,6,light
0.146879999999328,0.3965760000000955,6,light
0.25948800000060146,0.37699200000042765,6,light
0.5728319999998348,0.2399040000000241,6,light
0.543456000000333,0.31334400000014284,6,light
0.7001280000004044,0.11260799999945448,6,light
0.35251200000038807,0.22521599999981845,6,light
0.31823999999960506,0.6560639999997875,6,light
0.40147199999955774,0.3574079999998503,6,light
0.37209600000005594,0.2741759999998976,6,light
0.3035520000003089,0.40147200000046723,6,light
0.2692800000004354,0.4455360000001747,6,light
0.2643840000000637,0.362304000000222,6,light
0.37699200000042765,0.13708800000040355,6,light
0.3867840000002616,0.44064000000071246,6,light
0.3916799999997238,0.2986559999999372,6,light
0.5973119999998744,0.3084480000006806,6,light
0.22031999999944674,0.6413760000004913,6,light
0.5728319999998348,0.22032000000035623,6,light
0.146879999999328,0.3035520000003089,6,light
0.2105279999996128,0.11750399999982619,6,light
0.4161599999997634,0.4798080000000482,6,light
0.7001279999994949,0.48959999999988213,6,light
0.3867839999993521,0.4749119999996765,6,light
0.621791999999914,0.3084479999997711,6,light
0.4798080000000482,0.5777280000002065,6,light
0.41126400000030117,0.09792000000015832,6,light
0.10771199999999226,0.50918399999955,6,light
0.44063999999980297,0.4504319999996369,6,light
0.12729600000056962,0.3965760000000955,6,light
0.3329279999998107,0.19094399999994494,6,light
0.40147199999955774,0.31334400000014284,6,light
0.2790720000002693,0.2741759999998976,6,light
0.4161600000006729,0.11750399999982619,6,light
1.0820160000002943,0.1224000000001979,6,light
0.24479999999948632,0.5875200000000405,6,light
0.5630400000000009,0.38188799999988987,6,light
0.9498240000002625,0.40636799999992945,6,light
0.1224000000001979,0.3231359999999768,6,light
0.20073599999977887,0.3623039999993125,6,light
0.16156800000044313,0.2399040000000241,6,light
0.5336639999995896,0.18604800000048272,6,light
0.543456000000333,0.3035520000003089,6,light
0.22521599999981845,0.2399040000000241,6,light
0.2790720000002693,0.16156799999953364,6,light
0.2986560000008467,0.43084799999996903,6,light
0.17135999999936757,0.48959999999988213,6,light
0.6511679999994158,0.41126399999939167,6,light
0.43084799999996903,0.07833599999958096,6,light
0.19094399999994494,0.37209600000005594,6,light
0.22032000000035623,0.4161599999997634,6,light
0.362304000000222,0.34272000000055414,6,light
0.5532480000001669,0.44064000000071246,6,light
0.18604800000048272,0.37209600000005594,6,light
0.34761600000001636,0.3574079999998503,6,light
0.17136000000027707,0.362304000000222,6,light
0.4161599999997634,0.20563200000015058,6,light
0.17135999999936757,0.13219200000003184,6,light
0.9204479999998512,0.396575999999186,6,light
0.46511999999984255,0.3671999999996842,6,light
0.4798080000000482,0.19584000000031665,6,light
0.1517759999996997,0.5042880000000878,6,light
0.40636799999992945,0.40147199999955774,6,light
0.2692800000004354,0.16156800000044313,6,light
0.46022400000038033,0.37699200000042765,6,light
0.40147200000046723,0.1762559999997393,6,light
0.17135999999936757,0.44064000000071246,6,light
0.6022080000002461,0.22521599999981845,6,light
0.3035520000003089,0.3671999999996842,6,light
0.8910719999994399,0.5336639999995896,6,light
0.21542399999998452,0.3329279999998107,6,light
0.2105279999996128,0.24969599999985803,6,light
0.3916799999997238,0.25459200000022975,6,light
0.2105280000005223,0.7686720000001515,6,light
0.4210560000001351,0.17136000000027707,6,light
0.4455360000001747,0.3280320000003485,6,light
0.22032000000035623,0.40147199999955774,6,light
0.47001600000021426,0.61200000000008,6,light
0.5581439999996292,0.3231359999999768,6,light
0.16156799999953364,0.31824000000051456,6,light
0.3084479999997711,0.34271999999964464,6,light
0.543456000000333,0.28396799999973155,6,light
0.25948799999969197,0.3084479999997711,6,light
0.3035520000003089,0.3916800000006333,6,light
0.3084479999997711,0.11260800000036397,6,light
0.43084799999996903,0.09792000000015832,6,light
0.2105280000005223,0.3965760000000955,6,light
0.3671999999996842,0.2399040000000241,6,light
0.3965760000000955,0.3672000000005937,6,light
0.4504319999996369,0.23011200000019016,6,light
0.3035519999993994,0.3574079999998503,6,light
0.49449600000025384,0.6168959999995423,6,light
0.6756479999994554,0.1468800000002375,6,light
0.40636799999992945,0.43084799999996903,6,light
0.24479999999948632,0.328031999999439,6,light
0.6756480000003648,0.3280320000003485,6,light
0.28886400000010326,0.3231359999999768,6,light
0.21542399999998452,0.3671999999996842,6,light
0.14198399999986577,0.181152000000111,6,light
0.7392960000006497,0.38188799999988987,6,light
0.20563200000015058,0.5091840000004595,6,light
0.34271999999964464,0.44063999999980297,6,light
0.3231359999999768,0.28396799999973155,6,light
0.28396800000064104,0.38188799999988987,6,light
0.37209600000005594,0.5385599999999613,6,light
0.3525119999994786,0.18604800000048272,6,light
0.13708799999949406,0.49939199999971606,6,light
0.3672000000005937,0.4798080000000482,6,light
0.6658560000005309,0.20073599999977887,6,light
0.3329279999998107,0.2643840000000637,6,light
0.7980479999996533,0.3084479999997711,6,light
0.3231359999999768,0.24479999999948632,6,light
0.11750399999982619,0.5434559999994235,6,light
0.37209600000005594,0.4210560000001351,6,light
0.17136000000027707,0.4161599999997634,6,light
0.10771199999999226,0.31334400000014284,6,light
0.3672000000005937,0.22521599999981845,6,light
0.13708800000040355,0.16646399999990535,6,light
0.6854400000001988,0.49939199999971606,6,light
0.543456000000333,0.2399040000000241,6,light
0.7197120000000723,0.4798080000000482,6,light
0.31334400000014284,0.5777280000002065,6,light
0.1224000000001979,0.5091840000004595,6,light
0.5238719999997556,0.3574080000007598,6,light
0.1517760000006092,0.2105279999996128,6,light
0.4553280000000086,0.17136000000027707,6,light
0.4749119999996765,0.17625600000064878,6,light
0.4749119999996765,0.21542399999998452,6,light
0.4210559999992256,0.22521599999981845,6,light
0.2105279999996128,0.1468800000002375,6,light
0.2986559999999372,0.40636799999992945,6,light
0.20073599999977887,0.181152000000111,6,light
0.38188799999988987,0.12729599999966013,6,light
0.3084479999997711,0.3084479999997711,6,light
0.41126400000030117,0.19094399999994494,6,light
0.3378240000001824,0.4210560000001351,6,light
0.11750399999982619,0.28886400000010326,6,light
0.4798080000000482,0.31334400000014284,6,light
0.21542399999998452,0.2986559999999372,6,light
0.17625600000064878,0.16646399999990535,6,light
0.41126399999939167,0.20563200000015058,6,light
0.3231359999999768,0.16646399999990535,6,light
0.4798080000000482,0.25948800000060146,6,light
0.5728319999998348,0.3329279999998107,6,light
0.19584000000031665,0.2692799999995259,6,light
0.3574079999998503,0.3965760000000955,6,light
0.2937599999995655,0.5140799999999217,6,light
0.28886400000010326,0.4161599999997634,6,light
0.2937599999995655,0.293760000000475,6,light
0.4161600000006729,0.3574079999998503,6,light
0.7833600000003571,0.3671999999996842,6,light
0.18604799999957322,0.46512000000075204,6,light
0.5679360000003726,0.08323199999995268,6,light
0.15667200000007142,0.31824000000051456,6,light
0.27907199999935983,0.2937599999995655,6,light
0.293760000000475,0.4259519999995973,6,light
0.3084479999997711,0.3378240000001824,6,light
0.25948799999969197,0.10771199999999226,6,light
0.4161599999997634,0.4259520000005068,6,light
0.4798080000000482,0.37209600000005594,6,light
0.793152000000191,0.25459199999932025,6,light
0.13708800000040355,0.3280320000003485,6,light
0.19094399999994494,0.4259519999995973,6,light
0.11750399999982619,0.28886400000010326,6,light
0.8665919999994003,0.3574079999998503,6,light
0.6413760000004913,0.48959999999988213,6,light
0.4553280000000086,0.3084479999997711,6,light
0.40636799999992945,0.2986559999999372,6,light
0.46022400000038033,0.6022079999993366,6,light
0.2448000000003958,0.43574400000034075,6,light
0.3084479999997711,0.25948799999969197,6,light
0.17136000000027707,0.1224000000001979,6,light
0.40147200000046723,0.3672000000005937,6,light
0.5630400000000009,0.3916800000006333,6,light
0.14198399999986577,0.6071039999997083,6,light
0.2692800000004354,0.543456000000333,6,light
0.2399040000000241,0.6707519999999931,6,light
0.5434559999994235,0.3280320000003485,6,light
0.5434559999994235,0.37699200000042765,6,light
0.4798080000000482,0.37699200000042765,6,light
0.2103465,0.1729806,7,sleep
1.3937742,0.12307229999999998,8,sleep
0.3002337,0.2059044,8,sleep
0.46119449999999995,0.1891812,8,sleep
0.47504339999999995,0.36190049999999996,8,sleep
0.8933846999999999,0.15860909999999998,8,sleep
0.16749329999999998,0.28873649999999995,8,sleep
0.1450215,0.11157509999999998,8,sleep
0.6469788,0.4170348,8,sleep
0.33106709999999995,0.20146229999999998,8,sleep
0.3731364,0.19623629999999997,8,sleep
0.655863,0.24509939999999997,8,sleep
0.2775006,0.23360219999999998,8,sleep
0.3922113,0.35667449999999995,8,sleep
0.37522679999999997,0.1554735,8,sleep
0.5811312,0.15599609999999997,8,sleep
0.621894,0.27410369999999995,8,sleep
0.7170072,0.22889879999999999,8,sleep
0.24745109999999998,0.2518932,8,sleep
0.6140549999999999,0.2417025,8,sleep
0.5074445999999999,0.25084799999999996,8,sleep
0.5393231999999999,0.2636517,8,sleep
0.38724659999999994,0.19179419999999997,8,sleep
0.5586593999999999,0.1591317,8,sleep
0.47138519999999995,0.19336199999999998,8,sleep
0.16775459999999998,0.11863019999999999,8,sleep
0.14658929999999998,0.18996509999999997,8,sleep
0.8142107999999999,0.36764909999999995,8,sleep
1.0517325,0.22576319999999997,8,sleep
1.1716692,0.32949929999999994,8,sleep
1.1578202999999998,0.33759959999999994,8,sleep
0.8241401999999999,0.16879979999999997,8,sleep
0.5144996999999999,0.3556293,8,sleep
0.3177408,0.18447779999999997,8,sleep
0.9150725999999999,0.19519109999999998,8,sleep
0.8771840999999999,0.32296679999999994,8,sleep
0.3556293,0.3747042,8,sleep
0.9728198999999998,0.41050229999999993,8,sleep
0.6953193,0.151554,8,sleep
0.1468506,0.14554409999999998,8,sleep
0.9631517999999999,0.37052339999999995,8,sleep
0.16514159999999997,0.13718249999999999,8,sleep
0.6759831,0.2688777,8,sleep
0.6030804,0.22942139999999997,8,sleep
0.8743097999999999,0.22210499999999997,8,sleep
1.4368887,0.3848949,8,sleep
0.1424085,0.10922339999999998,8,sleep
1.0452,0.38384969999999996,8,sleep
0.9819653999999999,0.41285399999999994,8,sleep
0.5638854,0.2030301,8,sleep
0.8845004999999999,0.3075501,8,sleep
0.9511319999999999,0.41389919999999997,8,sleep
0.8285822999999999,0.1836939,8,sleep
0.6702345,0.31721819999999995,8,sleep
0.8858069999999999,0.38384969999999996,8,sleep
0.9986885999999999,0.3381222,8,sleep
0.7175297999999999,0.5092736999999999,8,sleep
0.8688224999999999,0.31800209999999995,8,sleep
0.9145499999999999,0.35615189999999997,8,sleep
0.9950303999999999,0.5249516999999999,8,sleep
1.0906661999999998,0.36163919999999994,8,sleep
1.3394237999999998,0.2722746,8,sleep
0.0891033,0.15103139999999998,8,sleep
1.066104,0.2942238,8,sleep
0.39978899999999995,0.253461,8,sleep
0.9025302,0.3271476,8,sleep
0.40344719999999995,0.2568579,8,sleep
0.9762167999999999,0.3117309,8,sleep
1.4264366999999998,0.2513706,8,sleep
0.5552625,0.28664609999999996,8,sleep
0.37888499999999997,0.11444939999999999,8,sleep
1.3344591,0.40396979999999993,8,sleep
1.2545012999999998,0.27410369999999995,8,sleep
1.0734203999999998,0.3315897,8,sleep
0.3906435,0.17036759999999998,8,sleep
0.5077058999999999,0.2004171,8,sleep
0.6631794,0.20564309999999997,8,sleep
0.38149799999999995,0.1643577,8,sleep
0.415467,0.23516999999999996,8,sleep
0.46824959999999993,0.17794529999999997,8,sleep
0.5354036999999999,0.17611619999999997,8,sleep
0.49464089999999994,0.14841839999999998,8,sleep
0.4162509,0.36190049999999996,8,sleep
0.8500089,0.2688777,8,sleep
0.5307002999999999,0.2260245,8,sleep
0.43349669999999996,0.22550189999999998,8,sleep
0.46380749999999993,0.2613,8,sleep
0.6485466,0.2505867,8,sleep
0.8635964999999999,0.3483129,8,sleep
0.42017039999999994,0.14084069999999999,8,sleep
0.7217106,0.28351049999999994,8,sleep
0.3250572,0.1957137,8,sleep
0.6069998999999999,0.44447129999999996,8,sleep
1.1199317999999998,0.39691469999999995,8,sleep
0.9260471999999998,0.5079672,8,sleep
0.4052763,0.4081506,8,sleep
0.7629959999999999,0.3036306,8,sleep
0.6328685999999999,0.2921334,8,sleep
0.4418583,0.25973219999999997,8,sleep
0.7141329,0.35223239999999995,8,sleep
1.1857794,0.46067189999999997,8,sleep
0.6242456999999999,0.3072888,8,sleep
0.7303335,0.35876489999999994,8,sleep
0.8121204,0.33969,8,sleep
0.7870356,0.38803049999999994,8,sleep
0.12098189999999999,0.0891033,8,sleep
0.5192030999999999,0.20355269999999998,8,sleep
1.1013795,0.33185099999999995,8,sleep
1.340469,0.2592096,8,sleep
0.9474737999999999,0.30859529999999996,8,sleep
1.9307457,0.26704859999999997,8,sleep
1.4779128,0.34517729999999996,8,sleep
1.2435266999999999,0.4805307,8,sleep
0.35824229999999996,0.10791689999999998,8,sleep
1.0049598,0.44447129999999996,8,sleep
1.3480466999999998,0.44081309999999996,8,sleep
0.6639632999999999,0.2832492,8,sleep
1.0990277999999998,0.29814329999999994,8,sleep
0.45910409999999996,0.1322178,8,sleep
1.1902214999999998,0.2615613,8,sleep
0.23543129999999998,0.14763449999999997,8,sleep
0.7603829999999999,0.21792419999999998,8,sleep
0.9451220999999999,0.11340419999999998,8,sleep
1.2905607,0.21557249999999997,8,sleep
0.16514159999999997,0.19545239999999997,8,sleep
1.0031306999999998,0.1847391,8,sleep
0.9445994999999999,0.19623629999999997,8,sleep
1.087008,0.2085174,8,sleep
0.9746489999999999,0.26548079999999996,8,sleep
0.8045426999999999,0.1609608,8,sleep
0.6603051,0.17951309999999998,8,sleep
0.5787794999999999,0.17846789999999998,8,sleep
0.48079199999999994,0.16331249999999997,8,sleep
0.7990554,0.3020628,9,sleep
0.671541,0.2785458,9,sleep
0.6077838,0.2633904,9,sleep
0.8241402,0.2124369,9,sleep
0.5322681,0.3044145,9,sleep
0.441597,0.2145273,9,sleep
0.7475793000000001,0.2286375,9,sleep
0.7543731,0.290043,9,sleep
0.1944072,0.1481571,9,sleep
0.2923947,0.12359490000000001,9,sleep
0.3132987,0.1661868,9,sleep
0.227331,0.1559961,9,sleep
0.5207709,0.0911937,9,sleep
0.2343861,0.2239341,9,sleep
0.7880808,0.11810760000000001,9,sleep
0.70551,0.1565187,9,sleep
0.334464,0.2192307,9,sleep
0.930228,0.3051984,9,sleep
0.9553128,0.2939625,9,sleep
1.013844,0.1978041,9,sleep
0.4575363,0.3660813,9,sleep
0.4711239,0.2539836,9,sleep
1.0143666,0.1296048,9,sleep
0.8063718,0.3765333,9,sleep
0.3180021,0.3261024,9,sleep
0.8382504000000001,0.3872466,9,sleep
0.3514485,0.2108691,9,sleep
0.5492526,0.2607774,9,sleep
0.5955027,0.2730585,9,sleep
0.4776564,0.2955303,9,sleep
0.3117309,0.3200925,9,sleep
1.4541345,0.2307279,9,sleep
0.5144997,0.3872466,9,sleep
0.4818372,0.1068717,9,sleep
0.9686391,0.4120701,9,sleep
0.3647748,0.19675890000000001,9,sleep
0.5779956,0.248235,9,sleep
0.8680386,0.3020628,9,sleep
0.3104244,0.2234115,9,sleep
0.6626568,0.3676491,9,sleep
0.1126203,0.0891033,9,sleep
0.3012789,0.1774227,9,sleep
0.6866964,0.4073667,9,sleep
0.3456999,0.2244567,9,sleep
0.222105,0.2296827,9,sleep
0.454662,0.2853396,9,sleep
0.3462225,0.1978041,9,sleep
0.5134545,0.1055652,9,sleep
0.3551067,0.1735032,9,sleep
0.9783072,0.2341248,9,sleep
1.4977716,0.0870129,9,sleep
0.7883421,0.3830658,9,sleep
0.6576921,0.20773350000000002,9,sleep
0.1118364,0.1860456,9,sleep
0.6874803,0.32923800000000003,9,sleep
0.4068441,0.1925781,9,sleep
0.6650085,0.3851562,9,sleep
0.2450994,0.0982488,9,sleep
0.7810257,0.3101631,9,sleep
0.6788574,0.1910103,9,sleep
0.3741816,0.3088566,9,sleep
0.5795634000000001,0.27149070000000003,9,sleep
0.9161178,0.36869430000000003,9,sleep
0.3085953,0.2440542,9,sleep
0.606216,0.3195699,9,sleep
0.5063994,0.2660034,9,sleep
0.8845005,0.2563353,9,sleep
0.7744932,0.297882,9,sleep
1.3882869,0.3804528,9,sleep
0.5837442,0.3412578,9,sleep
0.6720636,0.2607774,9,sleep
0.8003619,0.2892591,9,sleep
0.3062436,0.2458833,9,sleep
0.4269642,0.094068,9,sleep
0.6848673,0.3660813,9,sleep
0.6072612000000001,0.3271476,9,sleep
0.8445216,0.3556293,9,sleep
0.6987162,0.2968368,9,sleep
0.514761,0.39195,9,sleep
0.8664708,0.3895983,9,sleep
0.6475014,0.4421196,9,sleep
0.3227055,0.1337856,9,sleep
0.713349,0.36137790000000003,9,sleep
1.1834277,0.3791463,9,sleep
0.4784403,0.3023241,9,sleep
1.0062663,0.3015402,9,sleep
0.8207433000000001,0.2976207,9,sleep
0.4065828,0.1962363,9,sleep
0.4436874,0.3394287,9,sleep
0.700284,0.43741620000000003,9,sleep
1.1316903,0.4123314,9,sleep
0.3153891,0.3854175,9,sleep
0.8398182,0.2375217,9,sleep
0.7269366,0.2887365,9,sleep
0.7329465000000001,0.2511093,9,sleep
0.5150223,0.2984046,9,sleep
0.6135324,0.35118720000000003,9,sleep
0.4308837,0.4930731,9,sleep
0.3198312,0.26783250000000003,9,sleep
1.1972766,0.3054597,9,sleep
0.4854954,0.4172961,9,sleep
0.713349,0.3308058,9,sleep
0.7258914,0.4504812,9,sleep
0.1735032,0.297882,9,sleep
0.4005729,0.20956260000000002,9,sleep
0.3470064,0.2863848,9,sleep
0.7253688,0.3253185,9,sleep
0.9973821,0.3297606,9,sleep
0.1403181,0.1026909,9,sleep
1.3349817,0.3172182,9,sleep
0.4685109,0.3770559,9,sleep
1.0603554,0.3754881,9,sleep
0.08413860000000001,0.5030025,9,sleep
0.3804528,0.1272531,9,sleep
1.1481522,0.3984825,9,sleep
0.0849225,0.0932841,9,sleep
0.2354313,0.2620839,9,sleep
0.8594157,0.3543228,9,sleep
1.6137888,0.0802191,9,sleep
1.0062663,0.3051984,9,sleep
1.0005177,0.2215824,9,sleep
0.47608860000000003,0.175071,9,sleep
0.1745484,0.0982488,9,sleep
0.4136379,0.1891812,9,sleep
0.34674510000000003,0.0964197,9,sleep
0.19310070000000001,0.3140826,9,sleep
0.7423533,0.1531218,9,sleep
0.7217106,0.1962363,9,sleep
0.3216603,0.3104244,9,sleep
1.0535616,0.243009,9,sleep
1.2764505,0.188136,9,sleep
0.8149947,0.3289767,9,sleep
0.2552901,0.1034748,9,sleep
1.1055603,0.0909324,9,sleep
0.5124093,0.0917163,9,sleep
0.2278536,0.2722746,9,sleep
0.3140826,0.0927615,9,sleep
0.3990051,0.1424085,9,sleep
0.6273813,0.2424864,9,sleep
1.1815986,0.2393508,9,sleep
0.5361876,0.2140047,9,sleep
1.1387454,0.2066883,9,sleep
0.6684054,0.1821261,9,sleep
0.3373383,0.2375217,9,sleep
0.3101631,0.2887365,9,sleep
0.4235673,0.1481571,9,sleep
0.5385393,0.2053818,9,sleep
0.5254743000000001,0.2722746,9,sleep
0.1954524,0.31356,9,sleep
0.5333133,0.1371825,9,sleep
0.38985960000000003,0.2210598,9,sleep
0.46589790000000003,0.2529384,9,sleep
0.438984,0.214266,9,sleep
0.8730033,0.2262858,9,sleep
0.6072612000000001,0.1826487,9,sleep
0.3117309,0.21322080000000002,9,sleep
0.4873245,0.17559360000000002,9,sleep
0.4392453,0.1917942,9,sleep
0.8876361,0.1361373,9,sleep
1.0668879,0.3391674,9,sleep
0.378885,0.44839080000000003,9,sleep
0.7878195,0.2014623,9,sleep
0.6882642,0.3085953,9,sleep
0.8573253000000001,0.3203538,9,sleep
0.5492526,0.3585036,9,sleep
0.2937012,0.0849225,9,sleep
0.8029749,0.2994498,9,sleep
0.9785685000000001,0.3276702,9,sleep
0.684606,0.4178187,9,sleep
0.9652422,0.3462225,9,sleep
1.0475517,0.2526771,9,sleep
0.3924726,0.3558906,9,sleep
0.39717600000000003,0.2866461,9,sleep
0.812643,0.4047537,9,sleep
0.4107636,0.1604382,9,sleep
0.6495918,0.3394287,9,sleep
0.9516546,0.4504812,9,sleep
1.314339,0.2829879,9,sleep
0.9216051000000001,0.3538002,9,sleep
1.0279542,0.321399,9,sleep
0.2025075,0.3543228,9,sleep
0.7044648,0.2364765,9,sleep
0.3232281,0.2837718,9,sleep
0.9490416,0.1408407,9,sleep
0.4157283,0.1920555,9,sleep
0.6605664,0.3582423,9,sleep
1.2973545,0.2383056,9,sleep
0.8557575000000001,0.5534334,9,sleep
1.0553907,0.42931590000000003,9,sleep
1.0462452,0.4003116,9,sleep
0.5367102,0.16827720000000002,9,sleep
1.5124044,0.39351780000000003,9,sleep
0.6556017000000001,0.3375996,9,sleep
0.789126,0.3062436,9,sleep
1.523379,0.3459612,9,sleep
0.15364440000000001,0.3835884,9,sleep
0.3517098,0.3616392,9,sleep
0.919776,0.3464838,9,sleep
0.4946409,0.1674933,9,sleep
0.7974876,0.6177132,9,sleep
0.378885,0.1452828,9,sleep
0.4685109,0.6341751,9,sleep
1.6618680000000001,0.3592875,9,sleep
0.3229668,0.3166956,9,sleep
0.951132,0.3822819,9,sleep
0.2991885,0.1471119,9,sleep
0.1596543,0.1998945,9,sleep
0.9934626,0.4039698,9,sleep
1.3963872,0.3242733,9,sleep
1.0282155,0.3854175,9,sleep
0.2192307,0.08413860000000001,9,sleep
0.9106305,0.36503610000000003,9,sleep
0.7170072,0.3276702,9,sleep
0.4136379,0.154167,9,sleep
0.3470064,0.1105299,9,sleep
1.0360545,0.3595488,9,sleep
0.9581871000000001,0.33655440000000003,9,sleep
0.94068,0.2291601,9,sleep
0.2814201,0.4609332,9,sleep
0.4996056,0.2594709,9,sleep
0.2942238,0.3498807,9,sleep
0.6738927,0.3807141,9,sleep
0.7546344,0.4013568,9,sleep
0.4436874,0.4125927,9,sleep
0.2025075,0.2145273,9,sleep
1.2774957,0.4332354,9,sleep
0.7177911,0.2552901,9,sleep
0.6221553,0.3864627,9,sleep
1.282983,0.3224442,9,sleep
0.5625789,0.3652974,9,sleep
0.0930228,0.1559961,9,sleep
0.7807644,0.3715686,9,sleep
0.3848949,0.3830658,9,sleep
1.1410971,0.2160951,9,sleep
0.34674510000000003,0.394563,9,sleep
0.2965755,0.23517,9,sleep
0.3739203,0.2712294,9,sleep
0.6354816,0.2275923,9,sleep
0.4146831,0.1452828,9,sleep
0.4721691,0.2814201,9,sleep
0.5816538,0.2283762,9,sleep
0.3454386,0.3786237,9,sleep
0.3830658,0.16096080000000001,9,sleep
0.7311174,0.337077,9,sleep
0.1897038,0.3015402,9,sleep
0.222105,0.2200146,9,sleep
1.591317,0.3198312,9,sleep
0.6394011000000001,0.3112083,9,sleep
1.3885482,0.2754102,9,sleep
0.6477627,0.2531997,9,sleep
0.2422251,0.28743,9,sleep
0.5790408,0.2944851,9,sleep
0.2571192,0.2302053,9,sleep
0.9952917,0.1640964,9,sleep
1.1225448,0.2291601,9,sleep
0.4956861,0.2505867,9,sleep
0.5144997,0.1363986,9,sleep
1.0245573000000001,0.4345419,9,sleep
0.9257859,0.3294993,9,sleep
1.1369163,0.3822819,9,sleep
0.2686164,0.4400292,9,sleep
0.7943520000000001,0.22602450000000002,9,sleep
0.34387080000000003,0.3715686,9,sleep
0.6412302,0.22236630000000002,9,sleep
0.4110249,0.2709681,9,sleep
1.0932792,0.2349087,9,sleep
1.1209770000000001,0.3767946,9,sleep
1.1473683000000001,0.3548454,9,sleep
0.4063215,0.3033693,9,sleep
0.4345419,0.088842,9,sleep
0.7674381,0.28612350000000003,9,sleep
1.1107863,0.188136,9,sleep
0.4306224,0.35118720000000003,9,sleep
0.7598604,0.363207,9,sleep
1.2168741,0.4021407,9,sleep
0.4844502,0.316173,9,sleep
0.6968871,0.2589483,9,sleep
1.3990002,0.4345419,9,sleep
0.34674510000000003,0.2061657,9,sleep
0.3404739,0.3903822,9,sleep
0.4596267,0.305721,9,sleep
0.9346701000000001,0.3125148,9,sleep
0.6164067,0.1447602,9,sleep
1.1559912,0.2636517,9,sleep
0.6720636,0.334464,9,sleep
1.1659206,0.3339414,9,sleep
0.4481295,0.4057989,9,sleep
0.3224442,0.2372604,9,sleep
0.42644160000000003,0.3114696,9,sleep
0.8403408,0.36582,9,sleep
0.3822819,0.2184468,9,sleep
0.3731364,0.237783,9,sleep
0.3713073,0.29343990000000003,9,sleep
0.7481019,0.2816814,9,sleep
1.1708853,0.4580589,9,sleep
0.36503610000000003,0.2989272,9,sleep
1.168011,0.331851,9,sleep
0.9445995,0.4901988,9,sleep
0.467727,0.519987,9,sleep
0.4078893,0.1013844,9,sleep
0.3995277,0.3517098,9,sleep
0.2876913,0.4099797,9,sleep
0.514761,0.2683551,9,sleep
0.7141329,0.2610387,9,sleep
0.4225221,0.1282983,9,sleep
0.2134821,0.34387080000000003,9,sleep
0.3271476,0.1810809,9,sleep
0.561795,0.2484963,9,sleep
0.2654808,0.2226276,9,sleep
0.21687900000000002,0.1787292,9,sleep
1.0402353,0.2309892,9,sleep
0.3195699,0.4193865,9,sleep
0.8481798,0.459888,9,sleep
0.2573805,0.1810809,9,sleep
0.7141329,0.1920555,9,sleep
0.3600714,0.2667873,9,sleep
0.26051610000000003,0.2500641,9,sleep
1.2788022000000001,0.1850004,9,sleep
0.4144218,0.39351780000000003,9,sleep
0.4692948,0.2249793,9,sleep
0.6728475,0.3315897,9,sleep
0.7961811,0.2443155,9,sleep
0.35406150000000003,0.2343861,9,sleep
0.4256577,0.21139170000000002,9,sleep
0.9022689,0.4719078,9,sleep
1.3966485,0.4149444,9,sleep
0.6947967,0.3582423,9,sleep
0.7154394000000001,0.4478682,9,sleep
1.134042,0.4165122,9,sleep
0.6111807,0.33969,9,sleep
0.7768449000000001,0.3274089,9,sleep
0.7183137,0.4792242,9,sleep
0.5071833,0.3569358,9,sleep
0.5662371,0.0951132,9,sleep
0.8419086,0.3551067,9,sleep
0.3817593,0.17010630000000002,9,sleep
0.6394011000000001,0.19675890000000001,9,sleep
0.38698530000000003,0.2827266,9,sleep
0.739479,0.3982212,9,sleep
0.7755384,0.4324515,9,sleep
0.6657924000000001,0.2986659,9,sleep
0.3389061,0.1727193,9,sleep
0.2782845,0.3692169,9,sleep
0.6702345,0.40161810000000003,9,sleep
0.1763775,0.17559360000000002,9,sleep
1.2056382,0.3391674,9,sleep
0.6668376,0.3595488,9,sleep
0.3673878,0.1450215,9,sleep
0.6921837,0.3846336,9,sleep
1.0049598,0.2701842,9,sleep
0.6548178,0.2989272,9,sleep
0.7650864,0.2573805,9,sleep
0.8991333,0.23804430000000001,9,sleep
0.6007287,0.6968871,9,sleep
0.3825432,0.3386448,9,sleep
1.0370997,0.5079672,9,sleep
0.9443382,0.219492,9,sleep
1.1068668,0.3757494,9,sleep
0.4217382,0.4949022,9,sleep
0.8837166,0.4196478,9,sleep
0.3483129,0.1821261,9,sleep
1.4977716,0.47243040000000003,9,sleep
0.7697898,0.4298385,9,sleep
0.8348535,0.26783250000000003,9,sleep
1.1823825000000001,0.2487576,9,sleep
0.7872969,0.2984046,9,sleep
0.6378333,0.3041532,9,sleep
0.5448105,0.384111,9,sleep
